{"cameraMode":{"drawMode":0,"name":"Shaded","section":"Shading Mode"},"sceneLighting":true,"audioPlay":false,"sceneViewState":{"m_AlwaysRefresh":false,"showFog":true,"showSkybox":true,"showFlares":true,"showImageEffects":true,"showParticleSystems":true,"showVisualEffectGraphs":true,"m_FxEnabled":true},"in2DMode":false,"pivot":{"x":101.80359649658203,"y":5.4556427001953129,"z":63.91643524169922},"rotation":{"x":0.013864627107977867,"y":-0.4969770610332489,"z":-0.007789208088070154,"w":-0.8680219054222107},"size":56.74520492553711,"orthographic":false}